EmployeeCode,FirstName,LastName
Japan177-3Mo,Carl,Rodriguez
AUS551-2Mo,Anne,Wright
AUS316-2M,Patrick,Rivera
GER160-2W,Ruby,Walker
GER265-1M,Teresita,Guillen
ARG363-4Mo,Earl,Morgan
Canada351-3W,Joella,Causey
Japan195-5W,Gregg,Kelly
ARG529-1W,William,Reed
ENG301-6W,Julia,Johnson
AUS60-2M,Tonya,Ruiz
ARG102-7Mo,Wayne,Howard
US219-8M,Samuel,Goodman
Canada342-9W,Sean,Morgan
US476-10W,Julie,Johnson
MEX93-5M,Samuel,Perry
ENG442-9Mo,Jarrod,Beckett
Canada17-7W,Lillian,Nelson
ARG559-10W,Delfina,Brandon
ENG389-10W,Shaun,Jacobs
MEX121-11W,Theresa,Barnes
ENG489-12W,Stephen,Powell
AUS88-10W,Queenie,Thibodeau
AUS455-3W,Juan,King
AUS491-13M,Laureen,Varney
ENG193-10Mo,Anthony,Griffin
ARG508-14W,Olga,Rowe
GER345-5M,Alyce,Rafferty
Japan428-2Mo,Janella,Lacey
ARG116-9Mo,Lyndsay,Landry
Canada213-4M,Elvina,Dickens
ENG208-2W,Lois,Flores
MEX7-9M,Gonzalo,Rigby
ARG56-15W,John,Parker
US404-6W,Olive,Romero
ARG43-9Mo,Emmitt,Valles
GER188-9M,Vernia,Mccrary
AUS275-8W,Michelle,Campbell
ENG563-9W,Demarcus,Mcgregor
ENG543-14M,Jeremy,Rogers
ENG23-6W,Michelle,Peters
MEX490-7W,Dian,Winchester
Japan114-1W,Steven,Russell
ENG444-4Mo,Hank,Thorpe
AUS331-2Mo,Lori,Ward
Canada118-14M,Lori,Price
Japan572-15Mo,Norma,Steele
Canada122-5M,Jaye,Wick
US526-12Mo,Terry,Coleman
Japan585-6M,Kathleen,Garcia
ENG398-15M,Raul,Brewer
Japan320-14Mo,Peter,Thompson
US141-2W,Theo,Vo
Canada329-4W,Luanne,Farr
ARG421-16Mo,Larry,Ward
ARG427-13Mo,Linda,Peterson
GER220-4M,Titus,Maclean
MEX223-8M,Norman,Henderson
US257-17M,Elmira,Sommers
Canada289-15W,Kelly,Mitchell
US98-6Mo,Minnie,Snyder
AUS24-7W,Selina,Varela
ENG557-4W,Lelia,Wentz
AUS34-16Mo,Jaunita,Laird
GER38-15M,Leona,Thompson
GER79-15W,Regina,Hodges
AUS385-1W,Clarence,Collins
AUS581-9M,Marie,Barnes
US349-9M,Jennifer,Cox
Canada429-8Mo,Virginia,Brooks
Canada99-3W,Cecile,Veal
US373-14M,Harry,Clark
US210-3W,Rebecca,Gomez
GER366-5W,Delilah,Eason
ARG30-10W,Victor,Smith
Japan132-16M,Marjory,Lovelace
AUS130-17M,Matthew,Brown
Japan512-1W,Audrey,Briggs
AUS377-11W,Collin,Haskins
AUS449-13W,Columbus,Fuqua
Canada158-4Mo,Faye,Turner
ARG468-11M,Tina,Carlson
Japan597-8Mo,Laura,Edwards
GER540-7W,Rolf,Schrader
GER407-4W,Tiara,Pridgen
Canada423-1W,Ed,Pena
MEX401-8W,Ellan,Braswell
GER21-2M,Garfield,Bigelow
US561-15Mo,Horace,Robertson
ARG417-7W,Shawn,Allen
AUS28-10W,Beaulah,Willard
GER291-3M,Jose,Baker
MEX452-4W,Elizabeth,Parker
Canada337-1M,Carolyn,Anderson
AUS255-11Mo,Edna,Harvey
ARG458-3W,Jeanmarie,Haywood
Japan388-17Mo,Maribeth,Kiser
Japan312-3M,Elza,Devito
ENG438-5Mo,Jarvis,Lund
Japan247-6W,Debra,Butler
MEX44-17M,Janell,Orozco
ARG532-14W,Salvador,Copeland
MEX579-17Mo,Dave,Sherman
Japan338-12W,Philip,Bryant
US270-17M,Geraldine,Kelly
US144-15W,Madelaine,Moriarty
Japan139-14W,Andrea,Murphy
AUS299-11M,Sonny,Ragland
Canada71-15Mo,Susan,Long
Japan50-17M,Keneth,Roper
Canada27-3Mo,Ronald,Carter
Canada566-10W,Eric,Cooper
AUS194-5W,Alethia,Law
Japan582-13M,Adrian,Hughes
MEX496-7Mo,Leo,Barber
Canada32-1Mo,Janet,Jones
Canada113-8W,Julie,Bennett
US203-17W,Lyle,Cummings
US242-7W,William,Gonzalez
ARG20-3M,Harry,Sanchez
ARG520-9M,Kathy,Green
US292-10W,Alayna,Wahl
Canada315-8M,Henry,Davis
Canada269-5W,Shelley,Price
US52-8Mo,Rose,Walker
GER14-13Mo,Amy,Wood
US110-4W,Drew,Schofield
Canada271-5W,Armando,Ballard
Canada205-14W,Brain,Beckham
Canada425-3Mo,Margaret,Bell
Canada518-13Mo,Loretta,Daniels
Canada568-6W,Frank,Gray
ARG335-1M,Maryann,Reed
US392-7M,Jan,Henry
Canada287-1W,Sharon,Richardson
AUS311-7W,Rafael,Simon
Japan183-10W,Joe,Ramirez
Canada77-8M,Cornelius,Francis
ENG80-15W,Crissy,Horn
MEX206-6M,Dawna,Beals
Japan5-3W,Wilma,Richardson
AUS450-3W,Judy,Norris
Japan474-16M,Joyce,White
AUS481-6Mo,Carla,Patrick
AUS37-15M,Karl,Fleming
MEX471-15W,Brandon,Evans
US339-15W,Dianne,Salazar
Japan584-5Mo,Gaynell,Mckeown
GER246-7W,Cameron,Mccoy
GER297-1M,Darrin,Cox
MEX222-17W,Juliann,Simonson
ENG569-7M,Douglas,Flores
AUS253-7Mo,Margot,Olmstead
US45-15W,Allyson,Marlowe
GER248-2M,Maria,Cook
US432-11Mo,Betty,Gonzales
US469-2W,Johanna,Peterson
US1-9W,Michelle,Clark
US218-10W,Albert,Hampton
ARG546-1W,Cheryl,Kelly
GER517-4M,Scott,Robinson
US104-11W,Emanuel,Craig
MEX13-14M,Kathleen,Moss
ENG457-2M,Laverne,Salazar
ARG145-16M,Margaret,Doyle
ENG243-5W,Rea,Irby
GER465-8W,Shirley,Torres
US73-11Mo,Buster,Shively
ARG390-17W,Deirdre,Lentz
Canada542-3Mo,Lisha,Nunn
ENG92-15Mo,Terica,Mayo
ARG101-6Mo,Tynisha,Mckee
Japan430-16W,Phil,Guerrero
US485-15M,Randy,Hall
ARG39-14Mo,Lorenzo,Fowler
AUS250-5W,Rachel,Reed
Canada580-5W,Moises,Mcbee
GER550-10Mo,Matthew,Hill
MEX238-15Mo,Van,Mcguire
GER419-13Mo,Tina,Howard
MEX280-15M,Jane,Phillips
MEX480-8Mo,Norma,Watson
ARG186-4W,Judith,White
US85-15Mo,Aaron,Gray
Japan200-14W,Rudy,Alvarez
Canada362-6W,Sharonda,Farley
US477-1W,Maisha,Calvin
GER531-5Mo,Bonnie,Abbott
GER89-16Mo,Miranda,Young
ENG235-9Mo,Thomas,Edwards
AUS11-14W,Lee,Wright
ARG313-10W,Lee,Wolfe
US463-13W,Dianna,Cox
GER286-8M,Edna,Green
GER2-14W,Frederick,Morton
US123-9M,Cynthia,Cole
MEX500-4M,Lorena,Williams
GER370-5Mo,Percy,Young
Canada298-8Mo,Patricia,Perez
Japan276-11W,Elizabeth,Neal
ARG456-17M,Stuart,Lane
US86-6W,Adam,Vasquez
Japan327-15W,Alisa,Corbett
ARG323-16Mo,Enriqueta,Lopes
GER524-15Mo,Kirk,Reese
MEX394-13Mo,Jose,Green
AUS587-4Mo,Rex,Howard
Canada76-4M,Ronald,Cox
AUS576-6W,Johnny,Simmons
GER567-17W,Alessandra,Vogt
ENG593-13W,Steven,Foster
GER368-9W,Stephaine,Pacheco
US112-14M,Lory,Herrmann
Canada108-3Mo,Simonne,Kemp
ARG48-14W,Mui,Mcewen
GER254-15W,Bobby,Stephens
GER504-12W,Madalene,Moreland
ENG137-6W,Heidi,Collins
GER55-1W,Inez,Mcbride
GER396-10W,Ed,Rowe
GER514-9Mo,Yvonne,Nelson
Canada386-9W,Billy,Lee
US260-4W,Jeffrey,Griffin
Canada284-4Mo,Cora,Fletcher
ARG259-11W,Sharon,Parker
US574-4Mo,Wanda,Wood
Japan424-6W,Chantell,Forrest
US533-7Mo,Lavada,Satterfield
GER143-5M,Christeen,Hardwick
Canada466-1M,Dorla,Dupuis
MEX590-8M,Lisabeth,Everett
Japan237-9M,Patience,Lindsay
Japan182-3Mo,Jennette,Mcnamara
Japan454-5Mo,Tanya,Cummings
US41-1W,Alan,Patterson
Japan211-12Mo,Venessa,Bean
US409-7M,Jessie,Spencer
MEX91-17Mo,Sung,Pippin
ENG332-5Mo,Scott,Phillips
AUS231-17W,Charles,Perry
MEX555-7W,Waldo,Dempsey
GER63-12W,William,Wong
US198-15Mo,George,Hughes
US134-2Mo,Martin,Sanders
MEX138-17Mo,Vincent,Harris
US527-9Mo,Tawnya,Goodrich
MEX22-15Mo,Marcella,West
ENG165-5W,Brian,Cooper
AUS545-7W,Allen,Hicks
US306-5M,Antonetta,Gilchrist
AUS369-13W,Luciana,Andrus
Canada40-2W,Eula,Jensen
GER217-5W,Svetlana,Manuel
ARG309-3Mo,Domenic,Wayne
AUS169-16Mo,Teresa,Harris
GER336-2M,Jon,Rodriguez
AUS324-5M,Derick,Laird
AUS181-14W,Ashley,Alexander
ENG295-10M,Janise,Denning
AUS305-2M,Larry,Richardson
GER371-1W,Joanne,Stevens
US462-4W,Deandre,Conaway
US197-3W,Angela,Perez
ENG406-11M,Latina,Hyman
Japan399-14M,Venus,Ripley
Japan505-2Mo,Katrina,Douglas
AUS215-16Mo,Carmine,Toler
ARG67-14M,Lindsy,Haskins
ENG565-9W,Ruby,Perez
MEX330-1M,Carolyn,Sanchez
ENG107-2Mo,Maxima,Oneil
MEX58-10Mo,Jimmy,Collins
US161-11Mo,Tina,Washington
MEX156-9Mo,Paula,Delgado
Japan497-4W,Elizabeth,Morris
ARG201-16M,Warren,Briggs
US111-5Mo,Virgil,Shinn
Japan147-9Mo,Winifred,Cross
GER272-2W,Zelma,Humes
ENG592-13Mo,Terrence,Wong
ARG241-14W,Chanda,Nickel
ENG503-14W,Amelia,Santos
GER125-7W,Trinidad,Egan
US249-1M,Essie,Lawrence
US278-6W,Ryan,Clark
MEX534-16Mo,Genaro,Sales
Japan426-5Mo,Lori,Thornton
AUS356-6W,Ezekiel,Banda
GER277-1W,Luis,Wood
ENG440-17W,Albert,Miller
US367-11M,Maxine,Hamilton
ENG155-9M,Candace,Weaver
ENG562-7W,Debra,Patterson
ARG142-15Mo,Dominque,Packer
ENG83-7W,Alice,Mitchell
AUS553-11Mo,Erma,Porter
ARG588-7Mo,Martha,Rivera
AUS100-8M,Agnes,Cooper
MEX355-6M,Margie,Robbins
ARG240-6Mo,Mazie,Whittle
MEX26-7Mo,Chris,Mathis
ARG319-17W,Modesto,Centeno
ARG446-2W,Hye,Fenton
GER558-8W,Kaci,Naquin
MEX87-10Mo,Howard,Coleman
ENG445-2Mo,Kimberly,Anderson
MEX75-11Mo,Karla,Cunningham
ARG162-7Mo,Bessie,Mccormick
Japan397-3Mo,Nancy,Henderson
Japan36-13W,Judy,Carter
AUS290-3W,Nikole,Mancini
US322-16W,Keith,Martin
AUS135-14M,Joshua,Bailey
US229-8M,Wen,Huynh
Japan69-17M,Leonora,Florence
ARG513-12W,Adaline,Cochrane
US538-1Mo,Tami,Cobb
MEX274-1M,Etsuko,Battles
US90-4W,Sheri,Clayton
Canada226-4M,Mimi,Tidwell
US314-1M,Larita,Messina
US441-7M,Trula,Back
GER146-12Mo,Dominique,Beaty
US19-4Mo,George,Martinez
ARG379-17Mo,Louis,Reed
Canada57-9Mo,Len,Otto
ENG473-16W,Brandy,Buchanan
ARG387-10W,Clinton,Edwards
ENG152-11W,Shirley,Robinson
US174-12M,Carman,Baylor
GER346-13M,Eunice,Mcdonald
GER129-15W,Gretchen,Hale
Japan207-12M,Catherine,Stewart
GER261-6Mo,Hazel,Walsh
Canada541-16M,Bruce,Torres
MEX583-7Mo,Laticia,Sands
Japan49-7W,Evelyn,Martin
Canada570-11W,Andrea,Scott
Canada175-11W,Regan,Key
US106-6W,Diane,Allen
Japan511-6Mo,Cindi,Mcclanahan
ENG537-12W,Keeley,Correia
ARG484-5W,Andrew,Bennett
ARG435-17M,Wynona,Neville
AUS391-6M,Mark,Long
GER251-14Mo,Anthony,Nelson
Japan176-10Mo,Lynn,Brady
Japan61-11W,Kristi,Wilkerson
AUS410-15W,Jean,Williams
Japan596-10M,Kimberly,Hernandez
MEX353-4M,Geneva,Ryan
ENG46-16M,Caroyln,Kerr
GER202-10M,Lizabeth,Perron
MEX224-16Mo,Wayne,Bryant
US281-3Mo,Sarah,Hill
MEX549-9M,Donnie,Martinez
AUS62-1Mo,Randall,Osborne
Canada66-16W,Ilda,Mcadams
ARG393-6Mo,Katherine,Lee
ENG153-8W,Yvette,Walsh
ENG380-14W,Heather,Young
ENG318-9Mo,Christine,Bishop
AUS472-2W,Jeanette,Knight
ENG460-5W,Fred,Henderson
Japan420-11M,Garrett,Bishop
Canada189-14Mo,Henry,Miller
ENG54-4W,Orlando,Montgomery
ARG383-5M,Marylin,Burch
Japan515-5W,Bradford,Jackson
GER433-13W,Waldo,Hoyle
ARG252-12W,Spencer,Lucas
AUS478-1M,Herlinda,Millard
MEX556-17W,Lucilla,Dickens
Japan264-1M,Marilyn,Horton
ARG244-8W,Adelia,Bachman
Canada321-12M,Joseph,Peterson
ARG343-15W,Alexis,Hayes
ENG109-8W,Evelyn,Bass
GER35-1M,Janice,Garcia
ARG347-17W,Cheryl,Davis
ARG506-8W,Ryan,Butler
ARG279-6Mo,Chris,Smith
AUS42-12M,Ruth,Morris
MEX115-11M,Kirk,Waters
Japan65-2W,Tiera,Jolley
US530-17M,Marilynn,Pyle
ENG578-17M,Elvira,Reynolds
US126-4M,Lizeth,Adame
AUS482-12W,Joe,Russell
ENG120-11W,Ashley,Russell
Japan448-3Mo,Azzie,Boston
ENG350-2W,Frederica,House
US595-2W,Nicole,Diaz
AUS225-10Mo,Edmundo,Beckham
ARG375-13Mo,Gena,Barajas
MEX415-8W,Alma,Stephens
MEX443-12Mo,Sarah,Powell
ENG3-2W,Rebecca,Turner
ENG483-6Mo,Meredith,Estrada
Canada344-11Mo,Kurtis,Farris
ARG136-1W,Todd,Campbell
Canada357-14M,Jonathon,Dunn
US15-13W,Shery,Ludwig
Japan216-5M,Scotty,Lerma
ARG400-10M,Isreal,Childress
Canada411-7W,Alethea,Humphreys
Canada307-5W,Caleb,Mendez
US340-15Mo,Kevin,Jenkins
ARG416-17W,Noel,Caldwell
AUS487-8Mo,Jermaine,Rodriquez
Japan486-14W,Tabitha,Sullivan
AUS84-2Mo,Tamara,Sims
Canada300-7Mo,Chrissy,Hadden
Japan317-9M,Joseph,Wilson
Japan372-2W,Brianna,Seitz
Japan522-13M,Kenia,Craft
ARG173-12M,Teresita,Schafer
Japan170-17W,Irene,Price
MEX180-16W,Albert,Martinez
AUS589-8Mo,Lana,Hill
AUS82-1W,Nieves,Dew
ENG285-5W,Stacey,Alexander
AUS140-13Mo,Kenneth,Taylor
MEX467-2W,Diana,Davis
MEX461-15W,Shirl,Whitt
GER434-1Mo,Catherine,Roberts
US151-15Mo,Kevin,Cobb
US519-3Mo,Remona,Jarrett
MEX374-10W,Dede,Potts
GER381-4W,Shelia,Owens
US348-14W,Jean,Gonzalez
Canada268-15M,Martin,Carpenter
MEX304-4M,Roy,Jones
MEX547-3W,Amanda,Wilson
AUS178-5W,Andrew,Allison
Canada96-16W,Sabrina,Rodriguez
Japan365-13M,Laurie,Bowman
ARG499-13M,Nettie,George
ARG148-2M,Leroy,Mclaughlin
ARG239-17M,Gloria,Roberts
Japan25-17Mo,Kayla,Ingram
GER191-15W,Kelvin,Jordan
ARG9-9Mo,Jeremy,Ramirez
ENG334-7Mo,Douglas,Lopez
ENG4-5M,Myra,Bryant
MEX212-6Mo,Kari,Nichols
AUS78-7W,Eric,Lewis
MEX402-10W,Glenda,Thomas
MEX507-17W,Opal,Malone
Japan59-11W,Lillie,May
Canada128-14W,Johnny,Young
Canada262-15Mo,Jason,Pearson
AUS214-11Mo,Toni,Quinn
GER479-10W,Brian,Ross
MEX422-1Mo,Byron,Watson
Canada296-7W,Shawn,Vargas
Japan273-11M,Denise,Hughes
US521-15Mo,Jamie,Welch
Canada192-5M,Arthur,Harris
ARG325-17W,Bobby,James
AUS352-6Mo,Donald,Thompson
Japan256-2W,Beatrice,Alvarado
ARG157-1W,Emily,Nash
GER267-5W,Joline,Chin
MEX47-2W,Cleora,Concepcion
AUS437-7M,Donetta,Walls
US149-2W,Brady,Trent
US185-16W,Nicholas,Washington
ENG288-14M,Boyce,Carlisle
GER190-3W,Jody,Barnes
MEX591-7Mo,Lynne,Flores
Japan172-13M,Phyllis,Thomas
ARG234-17W,Clarence,Turner
US310-4Mo,Caroline,Sharp
Canada575-11W,Tijuana,Leblanc
ARG544-4W,Jeanna,Sawyers
ARG124-13W,Chauncey,Bottoms
MEX376-12W,Kelley,Palmer
GER164-5Mo,Janice,Moore
AUS384-3W,Bradford,Potter
US523-7M,Kathryn,Bailey
ENG53-2M,Lori,Robinson
ENG560-15W,Melissa,Stewart
US133-1M,Genevive,Mejia
ENG232-11W,Irene,Lopez
ARG283-9M,Patty,Jimenez
US228-16Mo,Lindsey,Warren
MEX577-15M,Randy,Baker
US74-13M,Kayleigh,Goss
Japan436-16W,Priscilla,Chavez
ARG548-10W,Mabel,Schwartz
ENG293-9Mo,Zona,Sykes
ENG263-7W,Angelena,Loftis
Japan364-3W,Michael,Cook
MEX72-12Mo,Kurt,Dennis
Canada488-4M,Mercedes,Herrera
Japan395-5W,Adella,Hargis
Canada564-13W,Valeri,Kimball
AUS29-3Mo,Israel,Lewis
Canada510-6M,Ruth,Brown
Japan470-11M,Maryanna,Schroeder
GER95-9W,Elbert,Paul
ARG354-2M,Issac,Nagy
AUS70-9Mo,Trudie,Waite
Japan361-16Mo,Jerrod,Easter
ARG266-13W,Kelly,Jackson
ARG413-8M,Martin,Wright
AUS245-10M,Gerald,Taylor
Canada31-11Mo,Terri,Higgins
Japan412-10Mo,Mercy,Solano
Japan382-9Mo,Devora,Braxton
Canada403-13W,Lakiesha,Lange
MEX68-13M,Kasandra,Strange
ARG414-12W,Caitlin,Utley
ARG451-1Mo,Jennifer,Thomas
ENG51-6W,Joline,Catalano
Japan10-13Mo,Anna,Evans
ARG536-17M,Kamala,Hallman
US204-3M,Janett,Watt
MEX105-6W,Abel,Erickson
AUS154-2W,Augusta,Hiatt
ARG131-11Mo,Jamie,Barker
AUS502-1W,Stella,Elliott
ENG16-9W,Keila,Seifert
GER179-11Mo,Danita,Jude
AUS159-14M,Krystyna,Ferry
MEX573-8W,Arletha,Smothers
GER554-4Mo,Harry,Gray
Canada166-4Mo,Bruce,Alexander
ARG525-15Mo,Annett,Braun
US33-5W,Alma,Leonard
MEX236-5W,Angela,Rodriguez
AUS464-10W,Rafael,Bryan
US359-12W,Ricky,Cohen
AUS167-2W,Johnna,Silver
ARG18-3W,Jo,Elliott
AUS94-6Mo,Donald,Sherman
US308-16M,Tyree,Dubose
ENG360-4M,Cythia,Michael
MEX8-3M,Earl,Diaz
ARG150-16Mo,Dominick,Holloway
AUS168-3W,Jack,Lewis
US509-12W,Yuette,Reddick
MEX535-11Mo,Benny,Marsh
US119-2W,Amanda,Williams
Canada552-9Mo,Lawrence,James
Canada103-2M,Anne,Rice
GER302-5M,Liza,Benefield
ARG516-16W,Jeannie,Dunn
ARG439-10W,Eugene,Jenkins
Japan495-8M,Shona,Tillery
ENG187-14Mo,Doyle,Baldwin
Canada528-4M,Jesse,Foster
ARG408-8Mo,Meredith,Burke
ENG333-16Mo,Tameika,Nance
Canada127-9M,Donette,Mccarty
Japan328-8Mo,Porsche,Greiner
ARG498-8M,Carol,Hernandez
GER6-1M,Ann,Moore
Japan199-10Mo,Janet,Ortiz
ARG493-6Mo,James,Watson
ENG303-14Mo,Misti,Humphrey
ARG494-1Mo,Gary,Bell
AUS453-7Mo,Timothy,Bolt
GER594-5M,Mitsue,Klinger
US447-4W,Olimpia,Rapp
AUS492-9W,Isaias,Lehman
ENG171-7Mo,Cornelius,Pittman
Japan571-16M,Terence,Herrera
Japan12-6Mo,Cynthia,King
Canada64-13Mo,Tammy,Simmons
AUS405-16Mo,Susan,Kelly
Japan163-12W,Gregory,Sanders
US117-11M,Marilyn,Rogers
US341-16Mo,Paul,Boone
ARG209-6Mo,Kathe,Meier
GER378-11Mo,Pasquale,Dortch
GER258-7M,Raymond,Ross
Canada501-12W,Elizabeth,Murphy
MEX586-10W,Diana,Hall
ENG418-15Mo,Darrell,Obrien
MEX294-5Mo,Beverly,Adams
Japan227-4M,Peter,Adams
MEX184-11W,Salome,Dolan
Japan81-12W,Nicholas,Brooks
ENG539-15Mo,Vania,Nadeau
Japan233-14Mo,Samantha,Phillips
MEX358-6W,Rolando,Hanson
MEX221-16W,Sadie,Reyes
ENG475-17W,Tricia,Barrett
Canada97-7W,Joan,Jackson
Japan196-2Mo,Lloyd,Christensen
GER230-10M,Carmelia,Aguilera
Canada459-11Mo,Barbara,Scott
US431-3W,Heather,Gonzales
Japan282-11W,Aleta,Foss
Japan326-11M,Mary,Baker
